portal,cnpj_emp,transacao,usuario,documento,chave_nf,ecf,numero_serie_ecf,modelo_nf,data_documento,data_lancamento,codigo_cliente,serie,desc_cfop,id_cfop,cod_vendedor,quantidade,preco_custo,valor_liquido,desconto,cst_icms,cst_pis,cst_cofins,cst_ipi,valor_icms,aliquota_icms,base_icms,valor_pis,aliquota_pis,base_pis,valor_cofins,aliquota_cofins,base_cofins,valor_icms_st,aliquota_icms_st,base_icms_st,valor_ipi,aliquota_ipi,base_ipi,valor_total,forma_dinheiro,total_dinheiro,forma_cheque,total_cheque,forma_cartao,total_cartao,forma_crediario,total_crediario,forma_convenio,total_convenio,frete,operacao,tipo_transacao,cod_produto,cod_barra,cancelado,excluido,soma_relatorio,identificador,deposito
8560,03772229001880,21,108649,3,43161103772229001880650100000000031455087582,1,,35,25/11/2016 12:00:00,25/11/2016 12:00:00,1,10,Venda de mercadoria adquirida ou recebida de terceiros,5102,9,1,"19,98000000",19.98,"0,0000",0.00,01,01,99,"3,6000","18,0000","19,9800","0,1300","0,6500","19,9800","0,6000","3,0000","19,9800","0,0000",,"0,0000","0,0000","0,0000","0,0000",19.9799995422363,1,"19,9800",0,"0,0000",0,"0,0000",0,"0,0000",0,"0,0000","0,0000",S ,V,1172,7898524346260,S,N,S,643ef1f6-6e53-4d9d-a238-ccf6e1856c8f,1 - Estoque
8560,03772229001880,22,108311,4,43161103772229001880650100000000041208731113,1,,35,25/11/2016 12:00:00,25/11/2016 12:00:00,1,10,Venda de mercadoria adquirida ou recebida de terceiros,5102,9,1,"19,98000000",19.98,"0,0000",0.00,01,01,99,"3,6000","18,0000","19,9800","0,1300","0,6500","19,9800","0,6000","3,0000","19,9800","0,0000",,"0,0000","0,0000","0,0000","0,0000",19.9799995422363,1,"19,9800",0,"0,0000",0,"0,0000",0,"0,0000",0,"0,0000","0,0000",S ,V,1172,7898524346260,S,N,S,43d17c9d-1e83-492a-8187-24beee9239b1,1 - Estoque
8560,03772229001880,23,108311,4,43161103772229001880650110000000041312539440,2,,35,25/11/2016 12:00:00,25/11/2016 12:00:00,1,11,Venda de mercadoria adquirida ou recebida de terceiros,5102,9,1,"19,98000000",19.98,"0,0000",0.00,01,01,99,"3,6000","18,0000","19,9800","0,1300","0,6500","19,9800","0,6000","3,0000","19,9800","0,0000",,"0,0000","0,0000","0,0000","0,0000",19.9799995422363,1,"19,9800",0,"0,0000",0,"0,0000",0,"0,0000",0,"0,0000","0,0000",S ,V,1172,7898524346260,S,N,S,250f99a4-8ba4-4952-8270-0a4f1c2b5cc3,1 - Estoque
8560,03772229001880,24,108311,1,43161103772229001880650120000000011376873567,3,,35,25/11/2016 12:00:00,25/11/2016 12:00:00,1,12,Venda de mercadoria adquirida ou recebida de terceiros,5102,9,1,"19,98000000",19.98,"0,0000",0.00,01,01,99,"3,6000","18,0000","19,9800","0,1300","0,6500","19,9800","0,6000","3,0000","19,9800","0,0000",,"0,0000","0,0000","0,0000","0,0000",19.9799995422363,1,"19,9800",0,"0,0000",0,"0,0000",0,"0,0000",0,"0,0000","0,0000",S ,V,1172,7898524346260,S,N,S,f5312d11-8dcb-438a-87b5-19dd952ea8d4,1 - Estoque
8560,03772229001880,25,108311,5,43161103772229001880650100000000051299904447,1,,35,25/11/2016 12:00:00,25/11/2016 12:00:00,1,10,Venda de mercadoria adquirida ou recebida de terceiros,5102,6,1,"19,98000000",19.98,"0,0000",0.00,01,01,99,"3,6000","18,0000","19,9800","0,1300","0,6500","19,9800","0,6000","3,0000","19,9800","0,0000",,"0,0000","0,0000","0,0000","0,0000",19.9799995422363,1,"19,9800",0,"0,0000",0,"0,0000",0,"0,0000",0,"0,0000","0,0000",S ,V,1172,7898524346260,S,N,S,492c9337-1d6d-434e-98ea-73b13823f1d6,1 - Estoque
8560,03772229001880,26,108311,1,43161103772229001880650130000000011396153302,4,,35,25/11/2016 12:00:00,25/11/2016 12:00:00,1,13,Venda de mercadoria adquirida ou recebida de terceiros,5102,9,1,"19,98000000",19.98,"0,0000",0.00,01,01,99,"3,6000","18,0000","19,9800","0,1300","0,6500","19,9800","0,6000","3,0000","19,9800","0,0000",,"0,0000","0,0000","0,0000","0,0000",19.9799995422363,1,"19,9800",0,"0,0000",0,"0,0000",0,"0,0000",0,"0,0000","0,0000",S ,V,1172,7898524346260,S,N,S,e7b4a627-5353-4847-8662-2310cb410b2b,1 - Estoque
8560,03772229001880,27,108651,2,43161103772229001880650120000000021430308084,3,,35,25/11/2016 12:00:00,25/11/2016 12:00:00,1,12,Venda de mercadoria adquirida ou recebida de terceiros,5102,9,1,"37,98000000",37.98,"0,0000",0.00,01,01,99,"6,8400","18,0000","37,9800","0,2500","0,6500","37,9800","1,1400","3,0000","37,9800","0,0000",,"0,0000","0,0000","0,0000","0,0000",37.9799995422363,1,"132,9000",0,"0,0000",0,"0,0000",0,"0,0000",0,"0,0000","0,0000",S ,V,11818,7898214626207,S,N,S,d0e2385e-0308-417a-a7e3-9f329c51d9aa,1 - Estoque
8560,03772229001880,28,108651,2,43161103772229001880650120000000021430308084,3,,35,25/11/2016 12:00:00,25/11/2016 12:00:00,1,12,Venda de mercadoria adquirida ou recebida de terceiros,5102,9,1,"34,98000000",34.98,"0,0000",0.00,01,01,99,"6,3000","18,0000","34,9800","0,2300","0,6500","34,9800","1,0500","3,0000","34,9800","0,0000",,"0,0000","0,0000","0,0000","0,0000",34.9799995422363,1,"132,9000",0,"0,0000",0,"0,0000",0,"0,0000",0,"0,0000","0,0000",S ,V,6784,7896014179411,S,N,S,d0e2385e-0308-417a-a7e3-9f329c51d9aa,1 - Estoque
8560,03772229001880,29,108651,2,43161103772229001880650120000000021430308084,3,,35,25/11/2016 12:00:00,25/11/2016 12:00:00,1,12,Venda de mercadoria adquirida ou recebida de terceiros,5102,9,3,"19,98000000",19.98,"0,0000",0.00,01,01,99,"10,7900","18,0000","59,9400","0,3900","0,6500","59,9400","1,8000","3,0000","59,9400","0,0000",,"0,0000","0,0000","0,0000","0,0000",59.939998626709,1,"132,9000",0,"0,0000",0,"0,0000",0,"0,0000",0,"0,0000","0,0000",S ,V,1172,7898524346260,S,N,S,d0e2385e-0308-417a-a7e3-9f329c51d9aa,1 - Estoque
8560,03772229001880,30,108650,5,43161103772229001880650110000000051692272830,2,,35,25/11/2016 12:00:00,25/11/2016 12:00:00,1,11,Venda de mercadoria adquirida ou recebida de terceiros,5102,9,1,"41,48000000",41.48,"0,0000",0.00,01,01,99,"7,4700","18,0000","41,4800","0,2700","0,6500","41,4800","1,2400","3,0000","41,4800","0,0000",,"0,0000","0,0000","0,0000","0,0000",41.4799995422363,1,"189,8800",0,"0,0000",0,"0,0000",0,"0,0000",0,"0,0000","0,0000",S ,V,2092,7898332357038,S,N,S,c0440a25-43cd-40f3-81ea-78741f257690,1 - Estoque
8560,03772229001880,31,108650,5,43161103772229001880650110000000051692272830,2,,35,25/11/2016 12:00:00,25/11/2016 12:00:00,1,11,Venda de mercadoria adquirida ou recebida de terceiros,5102,9,1,"41,48000000",41.48,"0,0000",0.00,01,01,99,"7,4700","18,0000","41,4800","0,2700","0,6500","41,4800","1,2400","3,0000","41,4800","0,0000",,"0,0000","0,0000","0,0000","0,0000",41.4799995422363,1,"189,8800",0,"0,0000",0,"0,0000",0,"0,0000",0,"0,0000","0,0000",S ,V,2101,7898332357205,S,N,S,c0440a25-43cd-40f3-81ea-78741f257690,1 - Estoque
8560,03772229001880,32,108650,5,43161103772229001880650110000000051692272830,2,,35,25/11/2016 12:00:00,25/11/2016 12:00:00,1,11,Venda de mercadoria adquirida ou recebida de terceiros,5102,9,1,"37,98000000",37.98,"0,0000",0.00,01,01,99,"6,8400","18,0000","37,9800","0,2500","0,6500","37,9800","1,1400","3,0000","37,9800","0,0000",,"0,0000","0,0000","0,0000","0,0000",37.9799995422363,1,"189,8800",0,"0,0000",0,"0,0000",0,"0,0000",0,"0,0000","0,0000",S ,V,11818,7898214626207,S,N,S,c0440a25-43cd-40f3-81ea-78741f257690,1 - Estoque
8560,03772229001880,33,108650,5,43161103772229001880650110000000051692272830,2,,35,25/11/2016 12:00:00,25/11/2016 12:00:00,1,11,Venda de mercadoria adquirida ou recebida de terceiros,5102,9,1,"19,98000000",19.98,"0,0000",0.00,01,01,99,"3,6000","18,0000","19,9800","0,1300","0,6500","19,9800","0,6000","3,0000","19,9800","0,0000",,"0,0000","0,0000","0,0000","0,0000",19.9799995422363,1,"189,8800",0,"0,0000",0,"0,0000",0,"0,0000",0,"0,0000","0,0000",S ,V,1172,7898524346260,S,N,S,c0440a25-43cd-40f3-81ea-78741f257690,1 - Estoque
8560,03772229001880,34,108650,5,43161103772229001880650110000000051692272830,2,,35,25/11/2016 12:00:00,25/11/2016 12:00:00,1,11,Venda de mercadoria adquirida ou recebida de terceiros,5102,9,1,"34,98000000",34.98,"0,0000",0.00,01,01,99,"6,3000","18,0000","34,9800","0,2300","0,6500","34,9800","1,0500","3,0000","34,9800","0,0000",,"0,0000","0,0000","0,0000","0,0000",34.9799995422363,1,"189,8800",0,"0,0000",0,"0,0000",0,"0,0000",0,"0,0000","0,0000",S ,V,6784,7896014179411,S,N,S,c0440a25-43cd-40f3-81ea-78741f257690,1 - Estoque
8560,03772229001880,35,108650,5,43161103772229001880650110000000051692272830,2,,35,25/11/2016 12:00:00,25/11/2016 12:00:00,1,11,Venda de mercadoria adquirida ou recebida de terceiros,5102,9,1,"13,98000000",13.98,"0,0000",0.00,01,01,99,"2,5200","18,0000","13,9800","0,0900","0,6500","13,9800","0,4200","3,0000","13,9800","0,0000",,"0,0000","0,0000","0,0000","0,0000",13.9799995422363,1,"189,8800",0,"0,0000",0,"0,0000",0,"0,0000",0,"0,0000","0,0000",S ,V,1017,7898524342927,S,N,S,c0440a25-43cd-40f3-81ea-78741f257690,1 - Estoque
8560,03772229001880,36,108650,6,43161103772229001880650110000000061018512756,2,,35,25/11/2016 12:00:00,25/11/2016 12:00:00,1,11,Venda de mercadoria adquirida ou recebida de terceiros,5102,4,1,"37,98000000",37.98,"0,0000",0.00,01,01,99,"6,8400","18,0000","37,9800","0,2500","0,6500","37,9800","1,1400","3,0000","37,9800","0,0000",,"0,0000","0,0000","0,0000","0,0000",37.9799995422363,1,"37,9800",0,"0,0000",0,"0,0000",0,"0,0000",0,"0,0000","0,0000",S ,V,11818,7898214626207,S,N,S,9f0dd6ba-e5c2-4ca0-90aa-d5cc6f588c6e,1 - Estoque
8560,03772229001880,37,108649,6,43161103772229001880650100000000061302265516,1,,35,25/11/2016 12:00:00,25/11/2016 12:00:00,1,10,Venda de mercadoria adquirida ou recebida de terceiros,5102,6,1,"43,98000000",43.98,"0,0000",0.00,01,01,99,"7,9200","18,0000","43,9800","0,2900","0,6500","43,9800","1,3200","3,0000","43,9800","0,0000",,"0,0000","0,0000","0,0000","0,0000",43.9799995422363,1,"137,9200",0,"0,0000",0,"0,0000",0,"0,0000",0,"0,0000","0,0000",S ,V,2105,7898332357243,S,N,S,fb8e8bd4-b543-440b-8969-5edd9b9b9653,1 - Estoque
8560,03772229001880,38,108649,6,43161103772229001880650100000000061302265516,1,,35,25/11/2016 12:00:00,25/11/2016 12:00:00,1,10,Venda de mercadoria adquirida ou recebida de terceiros,5102,6,1,"19,98000000",19.98,"0,0000",0.00,01,01,99,"3,6000","18,0000","19,9800","0,1300","0,6500","19,9800","0,6000","3,0000","19,9800","0,0000",,"0,0000","0,0000","0,0000","0,0000",19.9799995422363,1,"137,9200",0,"0,0000",0,"0,0000",0,"0,0000",0,"0,0000","0,0000",S ,V,1019,7898524342941,S,N,S,fb8e8bd4-b543-440b-8969-5edd9b9b9653,1 - Estoque
8560,03772229001880,39,108649,6,43161103772229001880650100000000061302265516,1,,35,25/11/2016 12:00:00,25/11/2016 12:00:00,1,10,Venda de mercadoria adquirida ou recebida de terceiros,5102,6,1,"35,98000000",35.98,"0,0000",0.00,01,01,99,"6,4800","18,0000","35,9800","0,2300","0,6500","35,9800","1,0800","3,0000","35,9800","0,0000",,"0,0000","0,0000","0,0000","0,0000",35.9799995422363,1,"137,9200",0,"0,0000",0,"0,0000",0,"0,0000",0,"0,0000","0,0000",S ,V,2542,7898581085577,S,N,S,fb8e8bd4-b543-440b-8969-5edd9b9b9653,1 - Estoque
8560,03772229001880,40,108649,6,43161103772229001880650100000000061302265516,1,,35,25/11/2016 12:00:00,25/11/2016 12:00:00,1,10,Venda de mercadoria adquirida ou recebida de terceiros,5102,6,1,"37,98000000",37.98,"0,0000",0.00,01,01,99,"6,8400","18,0000","37,9800","0,2500","0,6500","37,9800","1,1400","3,0000","37,9800","0,0000",,"0,0000","0,0000","0,0000","0,0000",37.9799995422363,1,"137,9200",0,"0,0000",0,"0,0000",0,"0,0000",0,"0,0000","0,0000",S ,V,11818,7898214626207,S,N,S,fb8e8bd4-b543-440b-8969-5edd9b9b9653,1 - Estoque
8560,03772229001880,42,108649,7,43161103772229001880650100000000071638934186,1,,35,25/11/2016 12:00:00,25/11/2016 12:00:00,1,10,Venda de mercadoria adquirida ou recebida de terceiros,5102,3,1,"37,98000000",37.98,"0,0000",0.00,01,01,99,"6,8400","18,0000","37,9800","0,2500","0,6500","37,9800","1,1400","3,0000","37,9800","0,0000",,"0,0000","0,0000","0,0000","0,0000",37.9799995422363,1,"56,9700",0,"0,0000",0,"0,0000",0,"0,0000",0,"0,0000","0,0000",S ,V,11818,7898214626207,S,N,S,d392b6da-4584-4555-a65a-75c024e8b5bb,1 - Estoque
8560,03772229001880,43,108649,7,43161103772229001880650100000000071638934186,1,,35,25/11/2016 12:00:00,25/11/2016 12:00:00,1,10,Venda de mercadoria adquirida ou recebida de terceiros,5102,3,1,"18,99000000",18.99,"0,0000",0.00,01,01,99,"3,4200","18,0000","18,9900","0,1200","0,6500","18,9900","0,5700","3,0000","18,9900","0,0000",,"0,0000","0,0000","0,0000","0,0000",18.9899997711182,1,"56,9700",0,"0,0000",0,"0,0000",0,"0,0000",0,"0,0000","0,0000",S ,V,11818,7898214626207,S,N,S,d392b6da-4584-4555-a65a-75c024e8b5bb,1 - Estoque
8560,03772229001880,44,108651,3,43161103772229001880650120000000031369402656,3,,35,25/11/2016 12:00:00,25/11/2016 12:00:00,1,12,Venda de mercadoria adquirida ou recebida de terceiros,5102,9,1,"19,98000000",19.98,"0,0000",0.00,01,01,99,"3,6000","18,0000","19,9800","0,1300","0,6500","19,9800","0,6000","3,0000","19,9800","0,0000",,"0,0000","0,0000","0,0000","0,0000",19.9799995422363,1,"19,9800",0,"0,0000",0,"0,0000",0,"0,0000",0,"0,0000","0,0000",S ,V,1019,7898524342941,S,N,S,99ba0d9b-8905-4621-a0aa-727dc1d34406,1 - Estoque
8560,03772229001880,45,108651,4,43161103772229001880650120000000041149864593,3,,35,25/11/2016 12:00:00,25/11/2016 12:00:00,1,12,Venda de mercadoria adquirida ou recebida de terceiros,5102,9,1,"19,98000000",19.98,"0,0000",0.00,01,01,99,"3,6000","18,0000","19,9800","0,1300","0,6500","19,9800","0,6000","3,0000","19,9800","0,0000",,"0,0000","0,0000","0,0000","0,0000",19.9799995422363,1,"19,9800",0,"0,0000",0,"0,0000",0,"0,0000",0,"0,0000","0,0000",S ,V,1019,7898524342941,S,N,S,e266911c-1b03-43af-8a99-96fb74f56a59,1 - Estoque
8560,03772229001880,46,108311,5,43161103772229001880650120000000051840652356,3,,35,25/11/2016 12:00:00,25/11/2016 12:00:00,1,12,Venda de mercadoria adquirida ou recebida de terceiros,5102,9,1,"19,98000000",19.98,"0,0000",0.00,01,01,99,"3,6000","18,0000","19,9800","0,1300","0,6500","19,9800","0,6000","3,0000","19,9800","0,0000",,"0,0000","0,0000","0,0000","0,0000",19.9799995422363,1,"19,9800",0,"0,0000",0,"0,0000",0,"0,0000",0,"0,0000","0,0000",S ,V,1019,7898524342941,S,N,S,961b9df2-1d07-4452-adf6-080e1f940aca,1 - Estoque
8560,03772229001880,47,108311,6,43161103772229001880650120000000061426178464,3,,35,25/11/2016 12:00:00,25/11/2016 12:00:00,1,12,Venda de mercadoria adquirida ou recebida de terceiros,5102,9,1,"19,98000000",19.98,"0,0000",0.00,01,01,99,"3,6000","18,0000","19,9800","0,1300","0,6500","19,9800","0,6000","3,0000","19,9800","0,0000",,"0,0000","0,0000","0,0000","0,0000",19.9799995422363,1,"19,9800",0,"0,0000",0,"0,0000",0,"0,0000",0,"0,0000","0,0000",S ,V,1019,7898524342941,S,N,S,f53e7616-8084-41f0-b76a-3504df2bca3b,1 - Estoque
8560,03772229001880,48,108311,7,43161103772229001880650120000000071061358627,3,,35,25/11/2016 12:00:00,25/11/2016 12:00:00,1,12,Venda de mercadoria adquirida ou recebida de terceiros,5102,9,1,"19,98000000",19.98,"0,0000",0.00,01,01,99,"3,6000","18,0000","19,9800","0,1300","0,6500","19,9800","0,6000","3,0000","19,9800","0,0000",,"0,0000","0,0000","0,0000","0,0000",19.9799995422363,1,"19,9800",0,"0,0000",0,"0,0000",0,"0,0000",0,"0,0000","0,0000",S ,V,1019,7898524342941,S,N,S,39d7070f-9655-4530-895f-d2d043230ae9,1 - Estoque
8560,03772229001880,49,108650,7,43161103772229001880650110000000071301876710,2,,35,25/11/2016 12:00:00,25/11/2016 12:00:00,1,11,Venda de mercadoria adquirida ou recebida de terceiros,5102,3,1,"35,98000000",35.98,"0,0000",0.00,01,01,99,"6,4800","18,0000","35,9800","0,2300","0,6500","35,9800","1,0800","3,0000","35,9800","0,0000",,"0,0000","0,0000","0,0000","0,0000",35.9799995422363,1,"152,9200",0,"0,0000",0,"0,0000",0,"0,0000",0,"0,0000","0,0000",S ,V,2542,7898581085577,N,N,S,50559089-1c18-4a5f-bf89-cf6e57ce9a29,1 - Estoque
8560,03772229001880,50,108650,7,43161103772229001880650110000000071301876710,2,,35,25/11/2016 12:00:00,25/11/2016 12:00:00,1,11,Venda de mercadoria adquirida ou recebida de terceiros,5102,3,1,"43,98000000",43.98,"0,0000",0.00,01,01,99,"7,9200","18,0000","43,9800","0,2900","0,6500","43,9800","1,3200","3,0000","43,9800","0,0000",,"0,0000","0,0000","0,0000","0,0000",43.9799995422363,1,"152,9200",0,"0,0000",0,"0,0000",0,"0,0000",0,"0,0000","0,0000",S ,V,2105,7898332357243,N,N,S,50559089-1c18-4a5f-bf89-cf6e57ce9a29,1 - Estoque
8560,03772229001880,51,108650,7,43161103772229001880650110000000071301876710,2,,35,25/11/2016 12:00:00,25/11/2016 12:00:00,1,11,Venda de mercadoria adquirida ou recebida de terceiros,5102,3,1,"34,98000000",34.98,"0,0000",0.00,01,01,99,"6,3000","18,0000","34,9800","0,2300","0,6500","34,9800","1,0500","3,0000","34,9800","0,0000",,"0,0000","0,0000","0,0000","0,0000",34.9799995422363,1,"152,9200",0,"0,0000",0,"0,0000",0,"0,0000",0,"0,0000","0,0000",S ,V,6784,7896014179411,N,N,S,50559089-1c18-4a5f-bf89-cf6e57ce9a29,1 - Estoque
8560,03772229001880,52,108650,7,43161103772229001880650110000000071301876710,2,,35,25/11/2016 12:00:00,25/11/2016 12:00:00,1,11,Venda de mercadoria adquirida ou recebida de terceiros,5102,3,1,"37,98000000",37.98,"0,0000",0.00,01,01,99,"6,8400","18,0000","37,9800","0,2500","0,6500","37,9800","1,1400","3,0000","37,9800","0,0000",,"0,0000","0,0000","0,0000","0,0000",37.9799995422363,1,"152,9200",0,"0,0000",0,"0,0000",0,"0,0000",0,"0,0000","0,0000",S ,V,11818,7898214626207,N,N,S,50559089-1c18-4a5f-bf89-cf6e57ce9a29,1 - Estoque
8560,03772229001880,41,108649,1,,0,,30,25/11/2016 12:00:00,25/11/2016 12:00:00,975,2,DevoluÃ§Ã£o de venda de mercadoria adquirida ou recebida de terceiros,1202,6,1,"43,98000000",43.98,"0,0000",0.00,70,70,49,"7,9200","18,0000","43,9800","0,0000","0,0000","43,9800","0,0000","0,0000","43,9800","0,0000",,"0,0000","0,0000","0,0000","0,0000",43.9799995422363,1,"43,9800",0,"0,0000",0,"0,0000",0,"0,0000",0,"0,0000","0,0000",DS, ,2105,7898332357243,S,S,S,23a75aba-b7dc-45f9-bc54-0a1f15ff0e6f,1 - Estoque
8560,03772229001880,5,108649,1,,1,,35,25/11/2016 12:00:00,25/11/2016 12:00:00,1,10,Venda de mercadoria adquirida ou recebida de terceiros,5102,9,1,"20,98000000",20.938,"64,1200",0.00,01,01,99,"3,0200","18,0000","16,7800","0,1100","0,6500","16,7800","0,5000","3,0000","16,7800",,,,,,,20.9379997253418,1,"256,4600",0,"0,0000",0,"0,0000",0,"0,0000",0,"0,0000","0,0000",S ,V,5121,7898623951082,S,S,S,92d0ce0d-7329-46c0-94ef-15b5ddb80287,1 - Estoque
8560,03772229001880,6,108649,1,,1,,35,25/11/2016 12:00:00,25/11/2016 12:00:00,1,10,Venda de mercadoria adquirida ou recebida de terceiros,5102,9,20,"14,98000000",14.95,"64,1200",0.00,01,01,99,"43,1400","18,0000","239,6800","1,5600","0,6500","239,6800","7,1900","3,0000","239,6800",,,,,,,298.999996185303,1,"256,4600",0,"0,0000",0,"0,0000",0,"0,0000",0,"0,0000","0,0000",S ,V,5119,7898623951068,S,S,S,92d0ce0d-7329-46c0-94ef-15b5ddb80287,1 - Estoque
8560,03772229001880,7,108649,2,,1,,35,25/11/2016 12:00:00,25/11/2016 12:00:00,1,10,Venda de mercadoria adquirida ou recebida de terceiros,5102,9,1,"14,98000000",14.98,"0,0000",0.00,01,01,99,"2,7000","18,0000","14,9800","0,1000","0,6500","14,9800","0,4500","3,0000","14,9800",,,,,,,14.9799995422363,1,"14,9800",0,"0,0000",0,"0,0000",0,"0,0000",0,"0,0000","0,0000",S ,V,5119,7898623951068,S,S,S,c141c543-5bf9-4223-b54c-d0639c3852f8,1 - Estoque
8560,03772229001880,8,108650,1,,2,,35,25/11/2016 12:00:00,25/11/2016 12:00:00,1,11,Venda de mercadoria adquirida ou recebida de terceiros,5102,9,1,"14,98000000",14.98,"0,0000",0.00,01,01,99,"2,7000","18,0000","14,9800","0,1000","0,6500","14,9800","0,4500","3,0000","14,9800",,,,,,,14.9799995422363,1,"14,9800",0,"0,0000",0,"0,0000",0,"0,0000",0,"0,0000","0,0000",S ,V,5119,7898623951068,S,S,S,27ac132a-113d-44f4-bbeb-1aeee8b9bda4,1 - Estoque
8560,03772229001880,9,108650,2,,2,,35,25/11/2016 12:00:00,25/11/2016 12:00:00,1,11,Venda de mercadoria adquirida ou recebida de terceiros,5102,9,1,"37,98000000",37.98,"0,0000",0.00,01,01,99,"6,8400","18,0000","37,9800","0,2500","0,6500","37,9800","1,1400","3,0000","37,9800",,,,,,,37.9799995422363,1,"47,9600",0,"0,0000",0,"0,0000",0,"0,0000",0,"0,0000","0,0000",S ,V,11818,7898214626207,S,S,S,4387a1b4-bf62-421f-97e6-ce34119b9f36,1 - Estoque
8560,03772229001880,10,108650,2,,2,,35,25/11/2016 12:00:00,25/11/2016 12:00:00,1,11,Venda de mercadoria adquirida ou recebida de terceiros,5102,9,1,"9,98000000",9.98,"0,0000",0.00,01,01,99,"1,8000","18,0000","9,9800","0,0600","0,6500","9,9800","0,3000","3,0000","9,9800",,,,,,,9.97999954223633,1,"47,9600",0,"0,0000",0,"0,0000",0,"0,0000",0,"0,0000","0,0000",S ,V,6848,7896509970363,S,S,S,4387a1b4-bf62-421f-97e6-ce34119b9f36,1 - Estoque
8560,03772229001880,11,108650,3,,2,,35,25/11/2016 12:00:00,25/11/2016 12:00:00,1,11,Venda de mercadoria adquirida ou recebida de terceiros,5102,3,1,"37,98000000",37.98,"0,0000",0.00,01,01,99,"6,8400","18,0000","37,9800","0,2500","0,6500","37,9800","1,1400","3,0000","37,9800",,,,,,,37.9799995422363,1,"379,8000",0,"0,0000",0,"0,0000",0,"0,0000",0,"0,0000","0,0000",S ,V,11818,7898214626207,S,S,S,8778001a-ae4f-4779-ac03-95982f3cced1,1 - Estoque
8560,03772229001880,12,108650,3,,2,,35,25/11/2016 12:00:00,25/11/2016 12:00:00,1,11,Venda de mercadoria adquirida ou recebida de terceiros,5102,3,1,"37,98000000",37.98,"0,0000",0.00,01,01,99,"6,8400","18,0000","37,9800","0,2500","0,6500","37,9800","1,1400","3,0000","37,9800",,,,,,,37.9799995422363,1,"379,8000",0,"0,0000",0,"0,0000",0,"0,0000",0,"0,0000","0,0000",S ,V,11818,7898214626207,S,S,S,8778001a-ae4f-4779-ac03-95982f3cced1,1 - Estoque
8560,03772229001880,13,108650,3,,2,,35,25/11/2016 12:00:00,25/11/2016 12:00:00,1,11,Venda de mercadoria adquirida ou recebida de terceiros,5102,3,1,"37,98000000",37.98,"0,0000",0.00,01,01,99,"6,8400","18,0000","37,9800","0,2500","0,6500","37,9800","1,1400","3,0000","37,9800",,,,,,,37.9799995422363,1,"379,8000",0,"0,0000",0,"0,0000",0,"0,0000",0,"0,0000","0,0000",S ,V,11818,7898214626207,S,S,S,8778001a-ae4f-4779-ac03-95982f3cced1,1 - Estoque
8560,03772229001880,14,108650,3,,2,,35,25/11/2016 12:00:00,25/11/2016 12:00:00,1,11,Venda de mercadoria adquirida ou recebida de terceiros,5102,3,1,"37,98000000",37.98,"0,0000",0.00,01,01,99,"6,8400","18,0000","37,9800","0,2500","0,6500","37,9800","1,1400","3,0000","37,9800",,,,,,,37.9799995422363,1,"379,8000",0,"0,0000",0,"0,0000",0,"0,0000",0,"0,0000","0,0000",S ,V,11818,7898214626207,S,S,S,8778001a-ae4f-4779-ac03-95982f3cced1,1 - Estoque
8560,03772229001880,15,108650,3,,2,,35,25/11/2016 12:00:00,25/11/2016 12:00:00,1,11,Venda de mercadoria adquirida ou recebida de terceiros,5102,3,1,"37,98000000",37.98,"0,0000",0.00,01,01,99,"6,8400","18,0000","37,9800","0,2500","0,6500","37,9800","1,1400","3,0000","37,9800",,,,,,,37.9799995422363,1,"379,8000",0,"0,0000",0,"0,0000",0,"0,0000",0,"0,0000","0,0000",S ,V,11818,7898214626207,S,S,S,8778001a-ae4f-4779-ac03-95982f3cced1,1 - Estoque
8560,03772229001880,16,108650,3,,2,,35,25/11/2016 12:00:00,25/11/2016 12:00:00,1,11,Venda de mercadoria adquirida ou recebida de terceiros,5102,3,1,"37,98000000",37.98,"0,0000",0.00,01,01,99,"6,8400","18,0000","37,9800","0,2500","0,6500","37,9800","1,1400","3,0000","37,9800",,,,,,,37.9799995422363,1,"379,8000",0,"0,0000",0,"0,0000",0,"0,0000",0,"0,0000","0,0000",S ,V,11818,7898214626207,S,S,S,8778001a-ae4f-4779-ac03-95982f3cced1,1 - Estoque
8560,03772229001880,17,108650,3,,2,,35,25/11/2016 12:00:00,25/11/2016 12:00:00,1,11,Venda de mercadoria adquirida ou recebida de terceiros,5102,3,1,"37,98000000",37.98,"0,0000",0.00,01,01,99,"6,8400","18,0000","37,9800","0,2500","0,6500","37,9800","1,1400","3,0000","37,9800",,,,,,,37.9799995422363,1,"379,8000",0,"0,0000",0,"0,0000",0,"0,0000",0,"0,0000","0,0000",S ,V,11818,7898214626207,S,S,S,8778001a-ae4f-4779-ac03-95982f3cced1,1 - Estoque
8560,03772229001880,18,108650,3,,2,,35,25/11/2016 12:00:00,25/11/2016 12:00:00,1,11,Venda de mercadoria adquirida ou recebida de terceiros,5102,3,1,"37,98000000",37.98,"0,0000",0.00,01,01,99,"6,8400","18,0000","37,9800","0,2500","0,6500","37,9800","1,1400","3,0000","37,9800",,,,,,,37.9799995422363,1,"379,8000",0,"0,0000",0,"0,0000",0,"0,0000",0,"0,0000","0,0000",S ,V,11818,7898214626207,S,S,S,8778001a-ae4f-4779-ac03-95982f3cced1,1 - Estoque
8560,03772229001880,19,108650,3,,2,,35,25/11/2016 12:00:00,25/11/2016 12:00:00,1,11,Venda de mercadoria adquirida ou recebida de terceiros,5102,3,1,"37,98000000",37.98,"0,0000",0.00,01,01,99,"6,8400","18,0000","37,9800","0,2500","0,6500","37,9800","1,1400","3,0000","37,9800",,,,,,,37.9799995422363,1,"379,8000",0,"0,0000",0,"0,0000",0,"0,0000",0,"0,0000","0,0000",S ,V,11818,7898214626207,S,S,S,8778001a-ae4f-4779-ac03-95982f3cced1,1 - Estoque
8560,03772229001880,20,108650,3,,2,,35,25/11/2016 12:00:00,25/11/2016 12:00:00,1,11,Venda de mercadoria adquirida ou recebida de terceiros,5102,3,1,"37,98000000",37.98,"0,0000",0.00,01,01,99,"6,8400","18,0000","37,9800","0,2500","0,6500","37,9800","1,1400","3,0000","37,9800",,,,,,,37.9799995422363,1,"379,8000",0,"0,0000",0,"0,0000",0,"0,0000",0,"0,0000","0,0000",S ,V,11818,7898214626207,S,S,S,8778001a-ae4f-4779-ac03-95982f3cced1,1 - Estoque

